field,pvalue
duration_months,7.97528072243385e-11
credit_amount,0.00591545060596854
i_rate_by_disp_inc,0.0198532759698628
curr_res_since,0.935681969028963
age_years,0.000391099915905126
n_e_credits_this_bank,0.134781917341949
n_dependants,0.924084211642001
