field,kruskal_pvalue,iman_m,iman_pvalue_adj
duration_months,7.97528072243385e-11,6.63978105370009,2.57527457287841e-11
credit_amount,0.00591545060596854,2.76154460402541,0.00292922182468029
i_rate_by_disp_inc,0.0198532759698628,2.33428972527536,0.00988909662603954
curr_res_since,0.935681969028963,0.0806580624299101,0.46786503038929
age_years,0.000391099915905126,-3.56676067097998,0.000189290025139491
n_e_credits_this_bank,0.134781917341949,-1.49643533137026,0.0674282059033461
n_dependants,0.924084211642001,-0.0952430726484968,0.46207043904965
