{"e_chq_acc_status": {"A11": [-15.958043098449707, 20.308469772338867], "A12": [-13.984034538269043, -19.292863845825195], "A13": [-2.4897384643554688, 1.1922029256820679], "A14": [18.54537010192871, 1.6641900539398193]}, "credit_history": {"A30": [0.5384162664413452, -1.951228141784668], "A31": [1.8953564167022705, 2.9619483947753906], "A32": [-7.843762397766113, -1.682617425918579], "A33": [4.733508110046387, 18.394899368286133], "A34": [13.050542831420898, -2.2836084365844727]}, "purpose": {"A40": [-4.741521835327148, -9.192138671875], "A41": [-12.259544372558594, 10.911981582641602], "A42": [3.747562885284424, 12.034236907958984], "A43": [9.526973724365234, -3.529935121536255], "A44": [2.8813931941986084, -2.180549144744873], "A45": [2.1008214950561523, 0.5441709160804749], "A46": [-2.772738218307495, 1.792656421661377], "A48": [1.429042935371399, -4.3707075119018555], "A49": [-21.07931900024414, -2.937135934829712], "A410": [-0.3932393193244934, -2.313892364501953]}, "savings_acc_class": {"A61": [-5.816481590270996, -0.7564108371734619], "A62": [10.75636100769043, 15.212916374206543], "A63": [3.581470489501953, 3.1287543773651123], "A64": [1.9778236150741577, -1.738051414489746], "A65": [15.060940742492676, -4.627884864807129]}, "curr_emp_class": {"A71": [0.13268710672855377, -0.8280780911445618], "A72": [-28.758445739746094, -13.07709789276123], "A73": [23.311216354370117, 5.51751708984375], "A74": [3.8843531608581543, -26.85145378112793], "A75": [-12.548955917358398, 20.219554901123047]}, "sex_and_status": {"A91": [1.6126333475112915, 0.602047860622406], "A92": [18.74967384338379, -2.4273483753204346], "A93": [-9.076081275939941, -1.998940110206604], "A94": [4.859528064727783, 22.130765914916992]}, "other_debtors_class": {"A101": [-0.32402339577674866, -0.2424422949552536], "A102": [1.6652499437332153, 3.1137137413024902], "A103": [3.814053535461426, 1.2655556201934814]}, "property": {"A121": [-23.59841537475586, -12.32088565826416], "A122": [-9.12176513671875, 45.32810974121094], "A123": [23.461706161499023, -12.839314460754395], "A124": [6.705430030822754, 17.533000946044922]}, "other_i_plans": {"A141": [19.23704719543457, 2.206685781478882], "A142": [3.0907719135284424, 0.3119383752346039], "A143": [-2.8162713050842285, -0.3539153039455414]}, "housing": {"A151": [31.444250106811523, -11.205583572387695], "A152": [-7.464812278747559, -0.8102930784225464], "A153": [16.9619140625, 30.900056838989258]}, "job": {"A171": [-1.391831636428833, -0.4597313702106476], "A172": [14.161185264587402, -12.885690689086914], "A173": [-6.073766708374023, -0.2744844853878021], "A174": [12.94356632232666, 14.698962211608887]}}