{"e_chq_acc_status": {"A11": [-16.498130798339844, 19.810888290405273], "A12": [-12.401633262634277, -20.064889907836914], "A13": [-2.453037977218628, 1.1297510862350464], "A14": [18.611528396606445, 2.5533013343811035]}, "credit_history": {"A30": [0.5384162664413452, -1.951228141784668], "A31": [1.8953564167022705, 2.9619483947753906], "A32": [-7.843762397766113, -1.682617425918579], "A33": [4.733508110046387, 18.394899368286133], "A34": [13.050542831420898, -2.2836084365844727]}, "purpose": {"A40": [-6.648110389709473, -9.010064125061035], "A41": [-17.74369239807129, 5.418435096740723], "A42": [-0.8294035792350769, 11.7853422164917], "A43": [8.432286262512207, -3.8827691078186035], "A44": [1.9771521091461182, -1.255450963973999], "A45": [2.563755750656128, 1.3668301105499268], "A46": [-2.5215375423431396, 1.5431344509124756], "A48": [1.9621442556381226, -3.7277109622955322], "A49": [18.003461837768555, 11.925198554992676], "A410": [-0.6630885004997253, -2.739248275756836]}, "savings_acc_class": {"A61": [-6.232688903808594, -0.9274370670318604], "A62": [10.71024227142334, 14.623702049255371], "A63": [3.1870081424713135, 2.8287763595581055], "A64": [1.5557057857513428, -2.040342330932617], "A65": [14.557680130004883, -5.248053550720215]}, "curr_emp_class": {"A71": [-0.4755660891532898, -1.4012019634246826], "A72": [-29.45183753967285, -10.823469161987305], "A73": [23.773393630981445, 2.7076539993286133], "A74": [1.4517854452133179, -27.355226516723633], "A75": [-10.278334617614746, 21.160409927368164]}, "sex_and_status": {"A91": [1.6126333475112915, 0.602047860622406], "A92": [18.74967384338379, -2.4273483753204346], "A93": [-9.076081275939941, -1.998940110206604], "A94": [4.859528064727783, 22.130765914916992]}, "other_debtors_class": {"A101": [-0.32402339577674866, -0.2424422949552536], "A102": [1.6652499437332153, 3.1137137413024902], "A103": [3.814053535461426, 1.2655556201934814]}, "property": {"A121": [-23.59841537475586, -12.32088565826416], "A122": [-9.12176513671875, 45.32810974121094], "A123": [23.461706161499023, -12.839314460754395], "A124": [6.705430030822754, 17.533000946044922]}, "other_i_plans": {"A141": [19.401283264160156, 0.7219235301017761], "A142": [3.1537420749664307, 0.19393925368785858], "A143": [-2.7876429557800293, 0.0021503979805856943]}, "housing": {"A151": [31.444250106811523, -11.205583572387695], "A152": [-7.464812278747559, -0.8102930784225464], "A153": [16.9619140625, 30.900056838989258]}, "job": {"A171": [-1.568740963935852, -0.7511633634567261], "A172": [12.776931762695312, -14.754621505737305], "A173": [-6.212553024291992, -0.0975474938750267], "A174": [14.387688636779785, 12.147970199584961]}}