{"e_chq_acc_status": {"A11": [-16.498130798339844, 19.810888290405273], "A12": [-12.401633262634277, -20.064889907836914], "A13": [-2.453037977218628, 1.1297510862350464], "A14": [18.611528396606445, 2.5533013343811035]}, "credit_history": {"A30": [0.6455333232879639, -2.338555335998535], "A31": [2.4439425468444824, 2.426830530166626], "A32": [-7.674615859985352, -1.3521281480789185], "A33": [6.561357498168945, 17.584604263305664], "A34": [13.100275993347168, -3.7328476905822754]}, "purpose": {"A40": [-4.741521835327148, -9.192138671875], "A41": [-12.259544372558594, 10.911981582641602], "A42": [3.747562885284424, 12.034236907958984], "A43": [9.526973724365234, -3.529935121536255], "A44": [2.8813931941986084, -2.180549144744873], "A45": [2.1008214950561523, 0.5441709160804749], "A46": [-2.772738218307495, 1.792656421661377], "A48": [1.429042935371399, -4.3707075119018555], "A49": [-21.07931900024414, -2.937135934829712], "A410": [-0.3932393193244934, -2.313892364501953]}, "savings_acc_class": {"A61": [-5.816481590270996, -0.7564108371734619], "A62": [10.75636100769043, 15.212916374206543], "A63": [3.581470489501953, 3.1287543773651123], "A64": [1.9778236150741577, -1.738051414489746], "A65": [15.060940742492676, -4.627884864807129]}, "curr_emp_class": {"A71": [-0.4755660891532898, -1.4012019634246826], "A72": [-29.45183753967285, -10.823469161987305], "A73": [23.773393630981445, 2.7076539993286133], "A74": [1.4517854452133179, -27.355226516723633], "A75": [-10.278334617614746, 21.160409927368164]}, "sex_and_status": {"A91": [1.4557812213897705, 1.0111548900604248], "A92": [18.70846176147461, -1.2765910625457764], "A93": [-9.112483024597168, -2.0141258239746094], "A94": [3.997950792312622, 22.49696159362793]}, "other_debtors_class": {"A101": [-0.32402339577674866, -0.2424422949552536], "A102": [1.6652499437332153, 3.1137137413024902], "A103": [3.814053535461426, 1.2655556201934814]}, "property": {"A121": [-23.59841537475586, -12.32088565826416], "A122": [-9.12176513671875, 45.32810974121094], "A123": [23.461706161499023, -12.839314460754395], "A124": [6.705430030822754, 17.533000946044922]}, "other_i_plans": {"A141": [19.401283264160156, 0.7219235301017761], "A142": [3.1537420749664307, 0.19393925368785858], "A143": [-2.7876429557800293, 0.0021503979805856943]}, "housing": {"A151": [31.444250106811523, -11.205583572387695], "A152": [-7.464812278747559, -0.8102930784225464], "A153": [16.9619140625, 30.900056838989258]}, "job": {"A171": [-1.568740963935852, -0.7511633634567261], "A172": [12.776931762695312, -14.754621505737305], "A173": [-6.212553024291992, -0.0975474938750267], "A174": [14.387688636779785, 12.147970199584961]}}