{"e_chq_acc_status": {"A11": [-11.912431716918945, -23.267934799194336], "A12": [-12.372608184814453, 22.762001037597656], "A13": [-37.72511672973633, -0.169875830411911], "A14": [19.981571197509766, 0.11874765902757645]}, "credit_history": {"A30": [1.7317723035812378, 2.9328744411468506], "A31": [0.0941460132598877, -10.245094299316406], "A32": [-15.04787826538086, 3.530170202255249], "A33": [9.147918701171875, 28.008813858032227], "A34": [21.327930450439453, -4.306393623352051]}, "purpose": {"A40": [-9.415555000305176, -10.981058120727539], "A41": [-25.215068817138672, 9.419821739196777], "A42": [5.7263288497924805, 21.490699768066406], "A43": [10.379899024963379, -0.8268987536430359], "A44": [-0.8909077644348145, 0.5050445795059204], "A45": [-0.27757564187049866, -3.6496493816375732], "A46": [6.258770942687988, -17.37855339050293], "A48": [2.95827054977417, -1.05742609500885], "A49": [-6.661773681640625, 7.259378433227539], "A410": [2.2949516773223877, 2.332115411758423]}, "savings_acc_class": {"A61": [-13.819250106811523, -1.7242214679718018], "A62": [7.025197505950928, 31.210800170898438], "A63": [30.318241119384766, 14.869050025939941], "A64": [6.232163429260254, 5.686539173126221], "A65": [20.803800582885742, -13.188100814819336]}, "curr_emp_class": {"A71": [0.4919017553329468, -11.116412162780762], "A72": [-32.85271453857422, 17.10158920288086], "A73": [25.878013610839844, -2.6521103382110596], "A74": [-0.16405132412910461, 26.08067512512207], "A75": [-22.781719207763672, -20.637964248657227]}, "sex_and_status": {"A91": [4.528869152069092, 8.093613624572754], "A92": [24.797897338867188, -6.430149555206299], "A93": [-15.017948150634766, -3.745270013809204], "A94": [2.771022081375122, 33.049888610839844]}, "other_debtors_class": {"A101": [-1.6637309789657593, 0.028447194024920464], "A102": [6.584347248077393, 3.7086827754974365], "A103": [27.169605255126953, -3.6421730518341064]}, "property": {"A121": [-18.917675018310547, -19.791898727416992], "A122": [-7.603149890899658, 30.892196655273438], "A123": [30.47464942932129, -9.495644569396973], "A124": [2.19884991645813, 3.8318614959716797]}, "other_i_plans": {"A141": [28.69272232055664, -2.1063790321350098], "A142": [8.447709083557129, 6.643352031707764], "A143": [-5.529300212860107, -1.000137448310852]}, "housing": {"A151": [26.078109741210938, -6.6943888664245605], "A152": [-8.295867919921875, -1.7279752492904663], "A153": [11.389869689941406, 25.550336837768555]}, "job": {"A171": [-0.8940067291259766, 0.5168584585189819], "A172": [19.32684326171875, -8.586821556091309], "A173": [-6.938018798828125, -0.3335556387901306], "A174": [12.222085952758789, 20.73664665222168]}}