{"categories": ["Precision", "Sensitivity", "Specificity", "False Positive Rate", "F Score", "Youden's J Statistic", "Balanced Accuracy", "Standard Accuracy"], "series": {"name": "Bayesian Credit Risk Model", "desc": "Model Metrics", "data": [0.819672131147541, 0.8163265306122449, 0.580952380952381, 0.419047619047619, 0.81799591002045, 0.397278911564626, 0.698639455782313, 0.7]}, "model": {"name": "exemplar", "description": "Model Properties", "data": [{"roc": 0.7672303206997084, "ptc": 0.8782928295672026, "optimal": 0.4099999999999999, "matthews": 0.39620993223313894, "precision": 0.819672131147541, "sensitivity": 0.8163265306122449, "specificity": 0.580952380952381, "fpr": 0.419047619047619, "fscore": 0.81799591002045, "youden": 0.397278911564626, "balanced_accuracy": 0.698639455782313, "standard_accuracy": 0.7, "tp": 200, "fn": 45, "fp": 44, "tn": 61}]}}