threshold,tp,fn,tn,fp,precision,sensitivity,specificity,fpr,fscore,youden,balanced_accuracy,standard_accuracy
0.4099999999999999,200,45,61,44,0.819672131147541,0.8163265306122449,0.580952380952381,0.419047619047619,0.81799591002045,0.397278911564626,0.698639455782313,0.7
