threshold,tp,fn,tn,fp,precision,sensitivity,specificity,fpr,fscore,youden,balanced_accuracy,standard_accuracy
0.38999999999999996,195,50,55,50,0.7959183673469388,0.7959183673469388,0.5238095238095238,0.47619047619047616,0.7959183673469388,0.3197278911564627,0.6598639455782314,0.7
